code,locale,name,descr
Open,en,Open,Line is open and has not yet been confirmed
Awaiting Ack,en,Awaiting Ack,Line is awaiting acknowledgement from the supplier
Confirmed,en,Confirmed,Line has been confirmed by the supplier
Change Processing,en,Change Processing,Line is undergoing simple change processing (Phase 2 - not yet reachable in MVP)
Pending Cancellation,en,Pending Cancellation,Line cancellation has been requested and is pending confirmation
Partially Shipped,en,Partially Shipped,Line has been partially shipped
Shipped,en,Shipped,Line has been fully shipped
Delivered,en,Delivered,Line has been delivered
Invoiced,en,Invoiced,Line has been invoiced
Cancelled,en,Cancelled,Line has been cancelled
